2010-10-02,137,KBFI,KIWA,1
2010-10-02,137,KBFI,KSAN,53
2010-10-02,137,KIWA,KBFI,26
2010-10-06,117,KBFI,KHRL,18
2010-10-06,117,KBFI,KIWA,28
2010-10-06,117,KIWA,KBFI,1
2010-10-09,128,KBFI,KSAN,63
2010-10-09,128,KIWA,KBFI,17
2010-10-13,172,KBFI,KHRL,27
2010-10-13,172,KBFI,KIAH,21
2010-10-16,194,KBFI,KIWA,1
2010-10-16,194,KBFI,KSAN,47
2010-10-16,194,KIWA,KBFI,49
2010-10-23,230,KBFI,KIWA,1
2010-10-23,230,KBFI,KSAN,99
2010-10-23,230,KIWA,KBFI,2
2010-10-27,258,KBFI,KHRL,20
2010-10-27,258,KBFI,KIWA,44
2010-10-27,258,KIWA,KBFI,1
2010-10-30,268,KBFI,KSAN,92
2010-10-30,268,KIWA,KBFI,4
2010-11-03,283,KBFI,KHRL,47
2010-11-03,283,KBFI,KIWA,4
2010-11-03,283,KIWA,KBFI,1
2010-11-06,293,KBFI,KSAN,79
2010-11-06,293,KIWA,KBFI,1
2010-11-10,319,KBFI,KHRL,46
2010-11-10,319,KBFI,KIWA,5
2010-11-13,323,KBFI,KSAN,77
2010-11-17,370,KBFI,KHRL,18
2010-11-17,370,KBFI,KIWA,23
2010-11-17,370,KIWA,KBFI,2
2010-11-20,380,KBFI,KIWA,7
2010-11-20,380,KBFI,KSAN,75
2010-11-27,408,KBFI,KSAN,98
2010-11-27,408,KIWA,KBFI,10
2010-12-01,426,KBFI,KHRL,15
2010-12-01,426,KBFI,KIWA,17
2010-12-04,429,KBFI,KSAN,94
2010-12-08,463,KBFI,KHRL,20
2010-12-08,463,KBFI,KIWA,23
2010-12-11,465,KBFI,KSAN,104
2010-12-11,465,KIWA,KBFI,4
2010-12-15,500,KBFI,KELP,1
2010-12-15,500,KBFI,KHRL,16
2010-12-15,500,KBFI,KIWA,10
2010-12-20,558,KBFI,KIWA,2
2010-12-20,558,KBFI,KSAN,131
2010-12-22,535,KBFI,KHRL,52
2010-12-22,535,KBFI,KIWA,12
2010-12-29,568,KBFI,KHRL,47
2011-01-05,597,KBFI,KHRL,75
2011-01-08,600,KBFI,KIWA,1
2011-01-08,600,KBFI,KSAN,74
2011-01-12,637,KBFI,KHRL,72
2011-01-12,637,KBFI,KIWA,30
2011-01-12,637,KIWA,KBFI,1
2011-01-15,640,KBFI,KSAN,103
2011-01-15,640,KIWA,KBFI,3
2011-01-19,674,KBFI,KHRL,40
2011-01-19,674,KBFI,KIWA,4
2011-01-21,677,KBFI,KIWA,2
2011-01-21,677,KBFI,KSAN,114
2011-01-21,677,KIWA,KBFI,1
2011-01-26,714,KBFI,KIWA,61
2011-01-29,717,KBFI,KSAN,117
2011-02-02,755,KBFI,KHRL,31
2011-02-02,755,KBFI,KIWA,42
2011-02-05,765,KBFI,KSAN,92
2011-02-09,797,KBFI,KHRL,59
2011-02-09,797,KBFI,KIWA,1
2011-02-12,800,KBFI,KIWA,24
2011-02-12,800,KBFI,KSAN,70
2011-02-12,800,KIWA,KBFI,1
2011-02-16,840,KBFI,KHRL,40
2011-02-16,840,KBFI,KIWA,3
2011-02-19,843,KBFI,KIWA,2
2011-02-19,843,KBFI,KSAN,85
2011-02-26,885,KBFI,KSAN,96
2011-02-26,885,KIWA,KBFI,11
2011-03-02,924,KBFI,KHRL,40
2011-03-02,924,KBFI,KIWA,12
2011-03-02,924,KIWA,KBFI,10
2011-03-05,944,KBFI,KSAN,71
2011-03-09,962,KBFI,KHRL,32
2011-03-09,962,KBFI,KIWA,2
2011-03-10,975,KOAK,KBFI,9
2011-03-12,973,KBFI,KIWA,15
2011-03-12,973,KBFI,KSAN,94
2011-03-16,1002,KBFI,KHRL,47
2011-03-16,1002,KBFI,KIWA,12
2011-03-19,1023,KBFI,KSAN,78
2011-03-23,1031,KOAK,KBFI,3
2011-03-23,1036,KBFI,KHRL,56
2011-03-26,1059,KBFI,KSAN,78
2011-03-30,1081,KBFI,KHRL,30
2011-03-30,1081,KBFI,KIWA,12
2011-03-30,1081,KIWA,KBFI,12
2011-04-02,1103,KBFI,KSAN,76
2011-04-06,1125,KBFI,KHRL,40
2011-04-06,1125,KBFI,KIWA,3
2011-04-06,1125,KIWA,KBFI,14
2011-04-09,1184,KBFI,KSAN,80
2011-04-13,1162,KBFI,KHRL,29
2011-04-13,1162,KBFI,KIWA,21
2011-04-13,1162,KIWA,KBFI,4
2011-04-16,1182,KBFI,KIWA,1
2011-04-16,1182,KBFI,KSAN,81
2011-04-20,1202,KBFI,KHRL,54
2011-04-20,1202,KBFI,KIWA,15
2011-04-20,1202,KIWA,KBFI,3
2011-04-23,1216,KBFI,KIWA,1
2011-04-23,1216,KBFI,KSAN,55
2011-04-27,1238,KBFI,KHRL,42
2011-04-27,1238,KBFI,KIWA,2
2011-04-27,1238,KIWA,KBFI,1
2011-04-30,1278,KBFI,KSAN,64
2011-05-04,1281,KBFI,KHRL,48
2011-05-04,1281,KBFI,KIWA,4
2011-05-04,1281,KIWA,KBFI,53
2011-05-07,1305,KBFI,KIWA,3
2011-05-07,1305,KBFI,KSAN,55
2011-05-07,1305,KIWA,KBFI,40
2011-05-11,1328,KBFI,KHRL,46
2011-05-11,1328,KBFI,KIWA,18
2011-05-14,1354,KBFI,KSAN,68
2011-05-14,1354,KIWA,KBFI,12
2011-05-18,1376,KBFI,KHRL,52
2011-05-18,1376,KBFI,KIWA,26
2011-05-18,1376,KIWA,KBFI,12
2011-05-21,1400,KBFI,KSAN,67
2011-05-21,1400,KIWA,KBFI,47
2011-05-25,1419,KBFI,KHRL,46
2011-05-25,1419,KBFI,KIWA,32
2011-05-25,1419,KIWA,KBFI,4
2011-05-28,1445,KBFI,KSAN,99
2011-05-28,1445,KIWA,KBFI,16
2011-06-01,1458,KBFI,KHRL,33
2011-06-01,1458,KBFI,KIWA,1
2011-06-01,1458,KIWA,KBFI,4
2011-06-08,1499,KBFI,KHRL,34
2011-06-08,1499,KBFI,KIWA,26
2011-06-11,1522,KBFI,KSAN,38
2011-06-11,1522,KIWA,KBFI,10
2011-06-15,1543,KBFI,KHRL,33
2011-06-15,1543,KBFI,KIWA,14
2011-06-15,1543,KIWA,KBFI,1
2011-06-18,1568,KBFI,KSAN,69
2011-06-18,1568,KIWA,KBFI,6
2011-06-22,1588,KBFI,KHRL,26
2011-06-22,1588,KBFI,KIWA,1
2011-06-22,1588,KIWA,KBFI,32
2011-06-25,1604,KBFI,KIWA,8
2011-06-25,1604,KBFI,KSAN,53
2011-06-25,1604,KIWA,KBFI,9
2011-06-29,1634,KBFI,KHRL,39
2011-06-29,1634,KBFI,KIWA,23
2011-06-29,1634,KIWA,KBFI,10
2011-07-02,1656,KBFI,KSAN,73
2011-07-02,1656,KIWA,KBFI,6
2011-07-06,1671,KBFI,KELP,1
2011-07-06,1671,KBFI,KHRL,27
2011-07-09,1694,KBFI,KSAN,61
2011-07-13,1714,KBFI,KHRL,62
2011-07-13,1714,KBFI,KIWA,22
2011-07-16,1743,KBFI,KIWA,1
2011-07-16,1743,KBFI,KSAN,54
2011-07-16,1743,KIWA,KBFI,14
2011-07-20,1765,KBFI,KHRL,52
2011-07-20,1765,KBFI,KIWA,1
2011-07-23,1793,KBFI,KSAN,82
2011-07-23,1793,KIWA,KBFI,24
2011-07-27,1816,KBFI,KHRL,32
2011-07-30,1844,KBFI,KIWA,4
2011-07-30,1844,KBFI,KSAN,39
2011-08-03,1867,KBFI,KHRL,38
2011-08-03,1867,KBFI,KIWA,21
2011-08-06,1892,KBFI,KIWA,10
2011-08-06,1892,KBFI,KSAN,111
2011-08-10,1919,KBFI,KHRL,46
2011-08-10,1919,KBFI,KIWA,27
2011-08-13,1925,KBFI,KSAN,52
2011-08-17,1968,KBFI,KHRL,57
2011-08-17,1968,KBFI,KIWA,28
2011-08-20,1993,KBFI,KIWA,2
2011-08-20,1993,KBFI,KSAN,68
2011-08-24,2017,KBFI,KHRL,41
2011-08-24,2017,KBFI,KIWA,5
2011-08-24,2017,KIWA,KBFI,8
2011-08-27,2045,KBFI,KSAN,107
2011-08-31,2069,KBFI,KHRL,33
2011-08-31,2069,KBFI,KIWA,13
2011-08-31,2069,KIWA,KBFI,1
2011-09-03,2096,KBFI,KSAN,73
2011-09-03,2096,KIWA,KBFI,50
2011-09-07,2099,KBFI,ZBAA,6
2011-09-07,2116,KBFI,KHRL,34
2011-09-07,2116,KBFI,KIWA,17
2011-09-07,2116,KIWA,KBFI,1
2011-09-10,2142,KBFI,KSAN,61
2011-09-14,2165,KBFI,KHRL,33
2011-09-14,2165,KBFI,KIWA,11
2011-09-17,2188,KBFI,KSAN,101
2011-09-17,2188,KIWA,KBFI,1
2011-09-21,2212,KBFI,KHRL,32
2011-09-21,2212,KBFI,KIWA,12
2011-09-23,2239,KBFI,KSAN,99
2011-09-28,2266,KBFI,KHRL,75
2011-09-28,2266,KBFI,KIWA,24
2011-10-01,2291,KBFI,KIWA,1
2011-10-01,2291,KBFI,KSAN,39
2011-10-01,2291,KIWA,KBFI,1
2011-10-05,2308,KBFI,KHRL,47
2011-10-05,2308,KBFI,KIWA,19
2011-10-05,2308,KIWA,KBFI,9
2011-10-08,2331,KBFI,KSAN,45
2011-10-08,2331,KIWA,KBFI,14
2011-10-12,2342,KBFI,KHRL,26
2011-10-12,2342,KBFI,KIWA,11
2011-10-12,2342,KIWA,KBFI,24
2011-10-15,2367,KBFI,KSAN,75
2011-10-15,2367,KIWA,KBFI,28
2011-10-19,2384,KBFI,KHRL,36
2011-10-19,2384,KBFI,KIWA,1
2011-10-19,2384,KIWA,KBFI,21
2011-10-22,2408,KBFI,KSAN,59
2011-10-26,2428,KBFI,KHRL,44
2011-10-26,2428,KBFI,KIWA,17
2011-10-26,2428,KIWA,KBFI,16
2011-10-29,2452,KBFI,KSAN,60
2011-10-29,2452,KIWA,KBFI,23
2011-11-02,2469,KIWA,KBFI,54
2011-11-05,2493,KBFI,KSAN,63
2011-11-05,2493,KIWA,KBFI,7
2011-11-07,2495,KBFI,KIWA,2
2011-11-07,2495,KBFI,KSAN,20
2011-11-07,2495,KOAK,KBFI,1
2011-11-09,2512,KBFI,KHRL,34
2011-11-09,2512,KBFI,KIWA,30
2011-11-16,2547,KBFI,KHRL,65
2011-11-16,2547,KBFI,KIWA,11
2011-11-19,2568,KBFI,KSAN,89
2011-11-23,2590,KBFI,KHRL,48
2011-11-23,2590,KBFI,KIWA,11
2011-11-23,2590,KIWA,KBFI,1
2011-11-25,2606,KLRD,KBFI,57
2011-11-30,2625,KBFI,KHRL,67
2011-11-30,2625,KBFI,KIWA,16
2011-11-30,2625,KIWA,KBFI,1
2011-12-03,2647,KBFI,KSAN,82
2011-12-03,2647,KIWA,KBFI,1
2011-12-07,2669,KBFI,KHRL,37
2011-12-07,2669,KBFI,KIWA,13
2011-12-10,2687,KBFI,KIWA,1
2011-12-10,2687,KBFI,KSAN,88
2011-12-14,2712,KBFI,KHRL,38
2011-12-14,2712,KBFI,KIWA,28
2011-12-14,2712,KIWA,KBFI,5
2011-12-17,2735,KBFI,KSAN,61
2011-12-17,2735,KIWA,KBFI,9
2011-12-21,2758,KBFI,KHRL,28
2011-12-21,2758,KBFI,KIWA,12
2011-12-28,2796,KBFI,KHRL,49
2011-12-28,2796,KBFI,KIWA,5
2011-12-28,2796,KIWA,KBFI,2
2011-12-31,2818,KBFI,KSAN,61
2012-01-04,2830,KBFI,KHRL,26
2012-01-04,2830,KBFI,KIWA,4
2012-01-07,2852,KBFI,KSAN,48
2012-01-07,2852,KIWA,KBFI,9
2012-01-11,2874,KBFI,KHRL,32
2012-01-11,2874,KBFI,KIWA,14
2012-01-11,2874,KIWA,KBFI,5
2012-01-14,2892,KBFI,KIWA,21
2012-01-14,2892,KBFI,KSAN,60
2012-01-21,2937,KBFI,KIWA,1
2012-01-21,2937,KBFI,KSAN,41
2012-01-25,2959,KBFI,KHRL,25
2012-01-25,2959,KBFI,KIWA,1
2012-01-28,2982,KBFI,KSAN,64
2012-01-28,2982,KIWA,KBFI,5
2012-02-01,3003,KBFI,KHRL,28
2012-02-01,3003,KBFI,KIWA,5
2012-02-04,3023,KBFI,KSAN,55
2012-02-08,3048,KBFI,KIWA,7
2012-02-08,3048,KBFI,KSAN,48
2012-02-15,3098,KBFI,KIWA,10
2012-02-15,3098,KBFI,KSAN,67
2012-02-15,3098,KIWA,KBFI,1
2012-02-22,3138,KBFI,KHRL,1
2012-02-22,3138,KBFI,KIWA,17
2012-02-22,3138,KBFI,KSAN,76
2012-02-29,3186,KBFI,KIWA,22
2012-02-29,3186,KBFI,KSAN,85
2012-02-29,3186,KIWA,KBFI,16
2012-03-07,3235,KBFI,KIWA,3
2012-03-07,3235,KBFI,KSAN,72
2012-03-07,3235,KIWA,KBFI,33
2012-03-14,3280,KBFI,KELP,1
2012-03-14,3280,KBFI,KIWA,39
2012-03-14,3280,KBFI,KSAN,95
2012-03-21,3318,KBFI,KIWA,16
2012-03-21,3318,KBFI,KSAN,94
2012-03-21,3318,KIWA,KBFI,39
2012-03-28,3368,KBFI,KIWA,17
2012-03-28,3368,KBFI,KSAN,98
2012-03-28,3368,KIWA,KBFI,3
2012-04-04,3410,KBFI,KIWA,9
2012-04-04,3410,KBFI,KSAN,110
2012-04-04,3410,KIWA,KBFI,21
2012-04-04,3424,KSAT,KBFI,100
2012-04-11,3448,KBFI,KIWA,23
2012-04-11,3448,KBFI,KSAN,105
2012-04-11,3448,KIWA,KBFI,15
2012-04-18,3497,KBFI,KELP,5
2012-04-18,3497,KBFI,KHRL,44
2012-04-18,3497,KBFI,KIWA,32
2012-04-18,3497,KIWA,KBFI,20
2012-04-21,3525,KBFI,KSAN,130
2012-04-25,3549,KBFI,KIWA,21
2012-04-25,3549,KBFI,KSAN,73
2012-04-25,3549,KIWA,KBFI,20
2012-04-28,3576,KSAT,KBFI,95
2012-05-02,3601,KBFI,KIWA,33
2012-05-02,3601,KBFI,KSAN,99
2012-05-02,3601,KIWA,KBFI,17
2012-05-09,3650,KBFI,KIWA,52
2012-05-09,3650,KBFI,KSAN,44
2012-05-09,3650,KIWA,KBFI,14
2012-05-10,3676,KHRL,KBFI,128
2012-05-16,3702,KBFI,KIWA,54
2012-05-16,3702,KBFI,KSAN,77
2012-05-23,3742,KBFI,KHRL,10
2012-05-23,3742,KBFI,KIWA,73
2012-05-23,3742,KBFI,KSAN,50
2012-05-23,3742,KIWA,KBFI,2
2012-05-26,3780,KBFI,KHRL,132
2012-05-26,3780,KHRL,KBFI,105
2012-05-30,3801,KBFI,KHRL,60
2012-05-30,3801,KBFI,KIWA,28
2012-05-30,3801,KIWA,KBFI,19
2012-06-06,3848,KBFI,KIWA,26
2012-06-06,3848,KBFI,KSAN,65
2012-06-06,3848,KIWA,KBFI,29
2012-06-11,3885,KBFI,MGGT,114
2012-06-13,3901,KBFI,KELP,3
2012-06-13,3901,KBFI,KIWA,23
2012-06-13,3901,KBFI,KSAN,58
2012-06-13,3901,KIWA,KBFI,11
2012-06-16,3929,KBFI,KHRL,69
2012-06-16,3929,KHRL,KBFI,120
2012-06-20,3953,KBFI,KIWA,25
2012-06-20,3953,KBFI,KSAN,31
2012-06-27,4006,KBFI,KIWA,6
2012-06-27,4006,KBFI,KSAN,70
2012-07-02,4046,KBFI,KHRL,57
2012-07-02,4046,KBFI,KIWA,76
2012-07-02,4046,KIWA,KBFI,21
2012-07-11,4110,KBFI,KIWA,25
2012-07-11,4110,KBFI,KSAN,100
2012-07-11,4110,KIWA,KBFI,11
2012-07-18,4162,KBFI,KHRL,3
2012-07-18,4162,KBFI,KIWA,25
2012-07-18,4162,KBFI,KSAN,101
2012-07-24,4203,KSAN,KBFI,5
2012-08-01,4266,KBFI,KELP,2
2012-08-01,4266,KBFI,KIWA,7
2012-08-01,4266,KBFI,KSAN,83
2012-08-01,4266,KIWA,KBFI,17
2012-08-08,4316,KBFI,KELP,5
2012-08-08,4316,KBFI,KIWA,15
2012-08-08,4316,KBFI,KSAN,84
2012-08-08,4316,KIWA,KBFI,2
2012-08-15,4365,KBFI,KIWA,5
2012-08-15,4365,KBFI,KSAN,108
2012-08-22,4418,KBFI,KIWA,14
2012-08-22,4418,KBFI,KSAN,108
2012-08-22,4418,KIWA,KBFI,6
2012-08-29,4472,KBFI,KELP,2
2012-08-29,4472,KBFI,KIWA,8
2012-08-29,4472,KBFI,KSAN,123
2012-08-29,4472,KIWA,KBFI,1
2012-09-05,4523,KBFI,KHRL,45
2012-09-05,4523,KBFI,KIWA,16
2012-09-05,4523,KIWA,KBFI,7
2012-09-12,4576,KBFI,KELP,1
2012-09-12,4576,KBFI,KIWA,5
2012-09-12,4576,KBFI,KSAN,79
2012-09-12,4576,KIWA,KBFI,2
2012-09-19,4623,KBFI,KIWA,4
2012-09-19,4623,KBFI,KSAN,92
2012-09-19,4623,KIWA,KBFI,2
2012-09-26,4672,KBFI,KELP,8
2012-09-26,4672,KBFI,KIWA,27
2012-09-26,4672,KBFI,KSAN,50
2012-10-03,4723,KBFI,KELP,24
2012-10-03,4723,KBFI,KHRL,42
2012-10-03,4723,KBFI,KIWA,8
2012-10-03,4723,KIWA,KBFI,24
2012-10-11,4777,KBFI,KELP,48
2012-10-11,4777,KBFI,KHRL,36
2012-10-11,4777,KBFI,KIWA,6
2012-10-11,4777,KIWA,KBFI,30
2012-10-17,4823,KBFI,KELP,38
2012-10-17,4823,KBFI,KIWA,8
2012-10-17,4823,KBFI,KSAN,28
2012-10-17,4823,KIWA,KBFI,47
2012-10-24,4871,KBFI,KELP,42
2012-10-24,4871,KBFI,KIWA,34
2012-10-24,4871,KBFI,KSAN,36
2012-10-24,4871,KIWA,KBFI,35
2012-10-31,4953,KBFI,KELP,68
2012-10-31,4953,KBFI,KIWA,19
2012-10-31,4953,KBFI,KSAN,32
2012-10-31,4953,KIWA,KBFI,20
2012-11-07,4978,KBFI,KELP,63
2012-11-07,4978,KBFI,KHRL,1
2012-11-07,4978,KBFI,KIWA,8
2012-11-07,4978,KBFI,KSAN,25
2012-11-13,5011,KOAK,KBFI,5
2012-11-14,5022,KBFI,KELP,55
2012-11-14,5022,KBFI,KIWA,11
2012-11-14,5022,KBFI,KSAN,24
2012-11-14,5022,KIWA,KBFI,10
2012-11-21,5065,KBFI,KELP,8
2012-11-21,5065,KBFI,KIWA,13
2012-11-21,5065,KBFI,KSAN,90
2012-11-21,5065,KIWA,KBFI,25
2012-11-28,5111,KBFI,KSAN,53
2012-11-28,5111,KIWA,KBFI,16
2012-12-01,5191,KHRL,KBFI,130
2012-12-05,5161,KBFI,KELP,4
2012-12-05,5161,KBFI,KIWA,13
2012-12-05,5161,KBFI,KSAN,111
2012-12-05,5161,KIWA,KBFI,23
2012-12-12,5216,KBFI,KIWA,3
2012-12-12,5216,KBFI,KSAN,92
2012-12-12,5216,KIWA,KBFI,10
2012-12-13,5249,KSAT,KBFI,107
2012-12-19,5266,KBFI,KELP,16
2012-12-19,5266,KBFI,KIWA,32
2012-12-19,5266,KBFI,KSAN,86
2012-12-19,5266,KIWA,KBFI,2
2013-01-02,5344,KBFI,KHRL,73
2013-01-02,5344,KBFI,KIWA,35
2013-01-07,5379,KBFI,KELP,62
2013-01-09,5383,KBFI,KIWA,14
2013-01-09,5383,KBFI,KSAN,80
2013-01-09,5383,KIWA,KBFI,7
2013-01-21,5510,KBFI,KIWA,23
2013-01-21,5510,KBFI,KSAN,106
2013-01-23,5480,KBFI,KELP,1
2013-01-23,5480,KBFI,KHRL,2
2013-01-23,5480,KBFI,KIWA,55
2013-01-23,5480,KBFI,KSAN,53
2013-01-30,5525,KBFI,KELP,5
2013-01-30,5525,KBFI,KIWA,29
2013-01-30,5525,KBFI,KSAN,86
2013-02-06,5576,KBFI,KIWA,9
2013-02-06,5576,KBFI,KSAN,88
2013-02-06,5576,KIWA,KBFI,24
2013-02-13,5621,KBFI,KELP,32
2013-02-13,5621,KBFI,KIWA,23
2013-02-13,5621,KBFI,KSAN,76
2013-02-13,5621,KIWA,KBFI,30
2013-02-16,5687,KHRL,KBFI,134
2013-02-20,5661,KBFI,KIWA,1
2013-02-20,5661,KBFI,KSAN,61
2013-02-20,5661,KIWA,KBFI,2
2013-02-27,5751,KBFI,KELP,47
2013-02-27,5751,KBFI,KIWA,62
2013-02-27,5751,KBFI,KSAN,25
2013-02-27,5751,KIWA,KBFI,1
2013-03-06,5708,KBFI,KELP,1
2013-03-06,5708,KBFI,KIWA,5
2013-03-06,5708,KBFI,KSAN,93
2013-03-06,5708,KIWA,KBFI,53
2013-03-13,5799,KBFI,KIWA,23
2013-03-13,5799,KBFI,KSAN,83
2013-03-15,5821,KBFI,KSAT,27
2013-03-15,5821,KSAT,KBFI,123
2013-03-20,5844,KBFI,KELP,2
2013-03-20,5844,KBFI,KIWA,33
2013-03-20,5844,KBFI,KSAN,34
2013-03-20,5844,KIWA,KBFI,13
2013-03-27,5888,KBFI,KIWA,45
2013-03-27,5888,KBFI,KSAN,81
2013-03-27,5888,KIWA,KBFI,61
2013-03-29,5905,KSAT,KBFI,133
2013-04-03,5933,KBFI,KIWA,55
2013-04-03,5933,KBFI,KSAN,51
2013-04-03,5933,KIWA,KBFI,31
2013-04-10,5975,KBFI,KELP,11
2013-04-10,5975,KBFI,KIWA,23
2013-04-10,5975,KBFI,KSAN,84
2013-04-10,5975,KIWA,KBFI,1
2013-04-22,6055,KBFI,KHRL,2
2013-04-22,6055,KBFI,KIWA,48
2013-04-22,6055,KBFI,KSAN,82
2013-04-22,6055,KIWA,KBFI,1
2013-04-29,6104,KBFI,KIWA,94
2013-04-29,6104,KBFI,KSAN,37
2013-04-29,6150,KSAT,KBFI,129
2013-05-06,6155,KBFI,KIWA,26
2013-05-06,6155,KBFI,KSAN,106
2013-05-06,6155,KIWA,KBFI,1
2013-05-09,6204,KSAT,KBFI,130
2013-05-13,6209,KBFI,KIWA,22
2013-05-13,6209,KBFI,KSAN,64
2013-05-13,6209,KIWA,KBFI,42
2013-05-18,6307,KHRL,KBFI,97
2013-05-20,6263,KBFI,KIWA,26
2013-05-20,6263,KBFI,KSAN,50
2013-05-24,6309,KHRL,KBFI,90
2013-05-27,6312,KBFI,KIWA,24
2013-05-27,6312,KBFI,KSAN,57
2013-06-03,6357,KBFI,KIWA,5
2013-06-03,6357,KBFI,KSAN,43
2013-06-03,6357,KIWA,KBFI,42
2013-06-10,6405,KBFI,KIWA,39
2013-06-10,6405,KBFI,KNJK,32
2013-06-17,6448,KBFI,KIWA,13
2013-06-17,6448,KBFI,KNJK,65
2013-06-17,6448,KIWA,KBFI,50
2013-06-24,6491,KBFI,KIWA,60
2013-06-24,6491,KBFI,KNJK,51
2013-07-01,6530,KBFI,KELP,43
2013-07-01,6530,KBFI,KIWA,34
2013-07-01,6530,KIWA,KBFI,108
2013-07-15,6605,KBFI,KELP,64
2013-07-15,6605,KBFI,KIWA,58
2013-07-15,6605,KIWA,KBFI,48
2013-07-22,6647,KBFI,KELP,28
2013-07-22,6647,KBFI,KIWA,34
2013-08-05,6726,KBFI,KELP,77
2013-08-05,6726,KBFI,KIWA,36
2013-08-05,6726,KBFI,KNJK,13
2013-08-05,6726,KIWA,KBFI,34
2013-08-12,6765,KBFI,KELP,64
2013-08-12,6765,KBFI,KIWA,9
2013-08-12,6765,KBFI,KNJK,14
2013-08-17,6803,KHRL,KBFI,132
2013-08-19,6806,KBFI,KELP,52
2013-08-19,6806,KBFI,KIWA,19
2013-08-19,6806,KBFI,KSAN,11
2013-08-30,6879,KBFI,KELP,55
2013-08-30,6879,KBFI,KIWA,14
2013-08-30,6879,KBFI,KNYL,23
2013-09-05,6911,KSAT,KBFI,58
2013-09-09,6923,KBFI,KELP,72
2013-09-09,6923,KBFI,KIWA,46
2013-09-16,6959,KBFI,KIWA,57
2013-09-16,6959,KIWA,KBFI,2
2013-09-23,7006,KBFI,KELP,36
2013-09-23,7006,KBFI,KIWA,52
2013-09-23,7006,KIWA,KBFI,41
2013-09-30,7047,KBFI,KELP,31
2013-09-30,7047,KBFI,KIWA,33
2013-09-30,7047,KIWA,KBFI,51
2013-10-05,7085,KHRL,KBFI,52
2013-10-07,7088,KBFI,KELP,53
2013-10-07,7088,KBFI,KIWA,38
2013-10-14,7128,KBFI,KELP,39
2013-10-14,7128,KBFI,KIWA,43
2013-10-14,7128,KIWA,KBFI,2
2013-10-21,7168,KBFI,KELP,45
2013-10-21,7168,KBFI,KIWA,45
2013-10-21,7171,KHRL,KBFI,51
2013-10-21,7171,KSAT,KBFI,34
2013-10-28,7208,KBFI,KELP,42
2013-10-28,7208,KBFI,KIWA,4
2013-10-28,7208,KBFI,KBRO,14
2013-11-04,7254,KBFI,KELP,43
2013-11-04,7254,KBFI,KIWA,32
2013-11-11,7293,KBFI,KELP,62
2013-11-11,7293,KBFI,KIWA,62
2013-11-18,7335,KBFI,KELP,68
2013-11-18,7335,KBFI,KIWA,35
2013-11-18,7335,KBFL,KBFI,35
2013-11-18,7335,KIWA,KBFI,35
2013-11-25,7378,KBFI,KELP,55
2013-11-25,7378,KBFI,KIWA,29
2013-11-25,7378,KIWA,KBFI,38
2013-12-09,7451,KBFI,KELP,71
2013-12-09,7451,KBFI,KIWA,61
2013-12-09,7451,KIWA,KBFI,48
2013-12-16,7496,KBFI,KELP,52
2013-12-16,7496,KBFI,KIWA,11
2013-12-16,7496,KIWA,KBFI,2
2013-12-23,7560,KBFI,KELP,59
2013-12-23,7560,KBFI,KIWA,20
2013-12-23,7560,KIWA,KBFI,17
2014-01-11,7664,KBFI,KMIA,1
2014-01-11,7664,KBFI,KSAT,104
2014-01-20,7673,KBFI,KELP,74
2014-01-20,7673,KBFI,KIWA,46
2014-01-20,7673,KIWA,KBFI,2
2014-01-20,7673,KSAN,KBFI,45
2014-01-27,7717,KBFI,KELP,66
2014-01-27,7717,KBFI,KIWA,20
2014-01-27,7717,KIWA,KBFI,3
2014-02-03,7765,KBFI,KELP,62
2014-02-03,7765,KBFI,KIWA,31
2014-02-10,7809,KBFI,KELP,57
2014-02-10,7809,KBFI,KIWA,21
2014-02-10,7809,KIWA,KBFI,1
2014-02-26,7909,KBFI,KELP,95
2014-02-26,7909,KBFI,KIWA,22
2014-02-26,7909,KIWA,KBFI,1
2014-03-03,7931,KIWA,KBFI,1
2014-03-03,7931,KSAT,KBFI,69
2014-03-04,7972,KBFI,KELP,52
2014-03-04,7972,KBFI,KIWA,33
2014-03-10,7977,KBFI,KELP,65
2014-03-10,7977,KBFI,KIWA,16
2014-03-17,8021,KBFI,KELP,45
2014-03-17,8021,KBFI,KIWA,30
2014-03-17,8021,KIWA,KBFI,29
2014-03-23,8063,KSAT,KBFI,41
2014-03-23,8064,KSAT,KBFI,131
2014-03-24,8067,KBFI,KELP,51
2014-03-24,8067,KBFI,KIWA,25
2014-03-30,8110,KSAT,KBFI,129
2014-03-31,8121,KBFI,KELP,41
2014-03-31,8121,KBFI,KIWA,27
2014-03-31,8121,KIWA,KBFI,12
2014-04-07,8159,KBFI,KELP,52
2014-04-07,8159,KBFI,KIWA,12
2014-04-07,8159,KIWA,KBFI,11
2014-04-15,8230,KBFI,KELP,47
2014-04-15,8230,KBFI,KIWA,83
2014-04-15,8230,KIWA,KBFI,28
2014-04-21,8246,KBFI,KELP,23
2014-04-21,8246,KBFI,KIWA,29
2014-04-21,8246,KIWA,KBFI,17
2014-04-28,8301,KBFI,KELP,46
2014-04-28,8301,KBFI,KIWA,16
2014-04-28,8301,KIWA,KBFI,15
2014-05-02,8341,KBFI,KSAT,1
2014-05-02,8341,KSAT,KBFI,128
2014-05-05,8346,KBFI,KELP,39
2014-05-05,8346,KBFI,KIWA,19
2014-05-05,8346,KIWA,KBFI,48
2014-05-09,8393,KBFI,KIWA,55
2014-05-09,8393,KBRO,KBFI,135
2014-05-19,8494,KBFI,KELP,69
2014-05-19,8494,KBFI,KIWA,19
2014-05-19,8494,KIWA,KBFI,4
2014-05-26,8525,KBFI,KELP,45
2014-05-26,8525,KBFI,KIWA,83
2014-05-26,8525,KIWA,KBFI,16
2014-06-01,8567,KBRO,KBFI,5
2014-06-02,8587,KBFI,KIWA,2
2014-06-02,8587,KBFI,MSLP,97
2014-06-08,8625,KSAT,KBFI,134
2014-06-09,8639,KBFI,KELP,43
2014-06-09,8639,KBFI,KIWA,43
2014-06-09,8639,KIWA,KBFI,29
2014-06-16,8696,KBFI,KELP,38
2014-06-16,8696,KBFI,KIWA,62
2014-06-16,8696,KIWA,KBFI,36
2014-06-16,8717,KSAT,KBFI,130
2014-06-16,8717,KBRO,KBFI,5
2014-06-23,8834,KBFI,KELP,46
2014-06-23,8834,KBFI,KIWA,15
2014-06-23,8834,KIWA,KBFI,46
2014-06-29,8855,KBFI,KAEX,2
2014-06-29,8855,KSAT,KBFI,30
2014-06-30,8862,KBFI,KELP,46
2014-06-30,8862,KBFI,KIWA,11
2014-06-30,8862,KIWA,KBFI,44
2014-07-14,8985,KBFI,KELP,64
2014-07-14,8985,KBFI,KIWA,43
2014-07-14,8985,KIWA,KBFI,3
2014-07-15,8996,KBRO,KBFI,102
2014-07-21,9042,KBFI,KIWA,29
2014-07-21,9042,KIWA,KBFI,29
2014-07-28,9085,KBFI,KELP,42
2014-07-28,9085,KBFI,KIWA,38
2014-07-28,9085,KIWA,KBFI,1
2014-07-31,9092,KBFI,KIWA,113
2014-08-01,9122,KBFI,KSAT,1
2014-08-01,9122,KSAT,KBFI,126
2014-08-04,9143,KBFI,KELP,36
2014-08-04,9143,KBFI,KIWA,25
2014-08-04,9143,KIWA,KBFI,31
2014-08-11,9185,KBFI,KELP,36
2014-08-11,9185,KBFI,KIWA,28
2014-08-11,9185,KIWA,KBFI,1
2014-08-14,9226,KBRO,KBFI,117
2014-08-18,9237,KBFI,KELP,42
2014-08-18,9237,KBFI,KIWA,14
2014-08-18,9237,KIWA,KBFI,10
2014-08-25,9281,KBFI,KELP,29
2014-08-25,9281,KBFI,KIWA,44
2014-08-28,9299,KBRO,KBFI,119
2014-09-01,9325,KBFI,KELP,14
2014-09-01,9325,KBFI,KIWA,74
2014-09-01,9325,KIWA,KBFI,2
2014-09-10,9395,KBFI,KELP,28
2014-09-10,9395,KBFI,KIWA,15
2014-09-10,9395,KIWA,KBFI,24
2014-09-15,9413,KBFI,KELP,32
2014-09-15,9413,KBFI,KIWA,25
2014-09-22,9469,KBFI,KELP,48
2014-09-22,9469,KBFI,KIWA,63
2014-09-22,9469,KBFI,KLAS,1
2014-09-29,9509,KBFI,KELP,28
2014-09-29,9509,KBFI,KIWA,33
2014-09-29,9509,KIWA,KBFI,43
2014-10-06,31345,KBFI,KELP,53
2014-10-06,31345,KBFI,KIWA,43
2014-10-20,31431,KBFI,KELP,67
2014-10-20,31431,KBFI,KIWA,35
2014-10-20,31431,KIWA,KBFI,2
2014-10-27,31477,KBFI,KELP,53
2014-10-27,31477,KBFI,KIWA,19
2014-10-27,31477,KIWA,KBFI,1
2014-11-10,31554,KBFI,KELP,58
2014-11-10,31554,KBFI,KIWA,55
2014-11-10,31554,KIWA,KBFI,1
2014-11-24,31631,KBFI,KELP,46
2014-11-24,31631,KBFI,KIWA,35
2014-11-24,31631,KIWA,KBFI,1
2014-12-08,31691,KBFI,KELP,56
2014-12-08,31691,KBFI,KIWA,37
2014-12-08,31691,KIWA,KBFI,2
2014-12-22,31779,KBFI,KELP,63
2014-12-22,31779,KBFI,KIWA,8
2014-12-22,31779,KIWA,KBFI,3
2015-01-05,31804,KBFI,KELP,30
2015-01-05,31804,KBFI,KIWA,21
2015-01-05,31804,KIWA,KBFI,53
2015-01-12,31841,KBFI,KELP,49
2015-01-12,31841,KBFI,KIWA,9
2015-01-12,31841,KIWA,KBFI,2
2015-01-19,31879,KBFI,KELP,30
2015-01-19,31879,KBFI,KIWA,9
2015-01-19,31879,KIWA,KBFI,61
2015-02-02,31953,KBFI,KELP,67
2015-02-02,31953,KBFI,KIWA,11
2015-02-02,31953,KIWA,KBFI,3
2015-02-09,32012,KSAN,KBFI,116
2015-02-16,32015,KBFI,KELP,66
2015-02-16,32015,KBFI,KIWA,23
2015-02-16,32015,KIWA,KBFI,2
2015-02-23,32047,KBFI,KELP,27
2015-02-23,32047,KBFI,KIWA,23
2015-02-23,32047,KIWA,KBFI,2
2015-02-23,32047,KSAN,KBFI,130
2015-03-09,32107,KBFI,KELP,85
2015-03-09,32107,KBFI,KIWA,42
2015-03-09,32107,KIWA,KBFI,1
2015-03-23,32168,KBFI,KIWA,126
2015-03-23,32168,KIWA,KBFI,3
2015-04-03,32244,KBRO,KBFI,129
2015-04-06,32216,KBFI,KELP,86
2015-04-06,32216,KBFI,KIWA,11
2015-04-06,32216,KIWA,KBFI,55
2015-04-20,32277,KBFI,KBFL,17
2015-04-20,32277,KBFI,KELP,63
2015-04-20,32277,KBFI,KIWA,38
2015-04-20,32277,KIWA,KBFI,1
2015-04-24,32305,KBRO,KBFI,124
2015-05-04,32341,KBFI,KBFL,5
2015-05-04,32341,KBFI,KELP,60
2015-05-04,32341,KBFI,KIWA,46
2015-05-04,32341,KIWA,KBFI,44
2015-05-12,32376,KLRD,KBFI,35
2015-05-12,32376,KSAT,KBFI,98
2015-05-15,32399,KSAT,KBFI,132
2015-05-18,32433,KBFI,KELP,79
2015-05-18,32433,KBFI,KIWA,22
2015-05-18,32433,KIWA,KBFI,1
2015-05-21,32436,KBFI,KAEX,21
2015-05-21,32436,KBRO,KBFI,131
2015-06-01,32468,KBFI,KELP,12
2015-06-01,32468,KBFI,KIWA,123
2015-06-01,32468,KIWA,KBFI,134
2015-06-08,32497,KBFI,KBFL,1
2015-06-08,32497,KBFI,KELP,67
2015-06-08,32497,KBFI,KIWA,19
2015-06-08,32497,KIWA,KBFI,1
2015-06-12,32526,KBFI,KAEX,52
2015-06-12,32526,KSAT,KBFI,122
2015-06-22,32565,KBFI,KELP,64
2015-06-22,32565,KBFI,KIWA,26
2015-06-22,32565,KIWA,KBFI,10
2015-06-29,32590,KBFI,KELP,24
2015-06-29,32590,KBFI,KIWA,34
2015-06-29,32590,KSAT,KBFI,124
2015-07-13,32649,KBFI,KELP,55
2015-07-13,32649,KBFI,KIWA,66
2015-07-13,32649,KIWA,KBFI,35
2015-07-27,32708,KBFI,KELP,55
2015-07-27,32708,KBFI,KIWA,28
2015-07-27,32708,KIWA,KBFI,3
2015-08-05,32748,KSAT,KBFI,107
2015-08-10,32765,KBFI,KELP,45
2015-08-10,32765,KBFI,KIWA,50
2015-08-17,32795,KBFI,KBRO,34
2015-08-17,32795,KBRO,KBFI,85
2015-08-24,32823,KBFI,KELP,44
2015-08-24,32823,KBFI,KIWA,35
2015-08-24,32823,KIWA,KBFI,5
2015-09-09,32886,KBFI,KELP,56
2015-09-09,32886,KBFI,KIWA,49
2015-09-09,32886,KIWA,KBFI,5
2015-09-15,32908,KBFI,KBRO,3
2015-09-15,32908,KSAT,KBFI,113
2015-09-27,32979,KBFI,KELP,59
2015-09-27,32979,KBFI,KIWA,37
2015-09-27,32979,KIWA,KBFI,49
2015-10-12,11354,KBFI,KELP,54
2015-10-12,11354,KBFI,KIWA,26
2015-10-12,11354,KIWA,KBFI,115
2015-10-26,11483,KBFI,KELP,30
2015-10-26,11483,KBFI,KIWA,97
2015-10-26,11483,KIWA,KBFI,99
2015-11-09,11540,KBFI,KELP,83
2015-11-09,11540,KBFI,KIWA,43
2015-11-09,11540,KSAT,KBFI,87
2015-11-17,11568,KBFI,KIWA,98
2015-11-17,11568,KIWA,KBFI,108
2015-11-23,11601,KBFI,KELP,20
2015-11-23,11601,KSAT,KBFI,96
2015-12-07,11687,KBFI,KELP,54
2015-12-07,11687,KBFI,KIWA,65
2015-12-07,11687,KIWA,KBFI,17
2015-12-22,11782,KBFI,KELP,42
2015-12-22,11782,KBFI,KIWA,87
2015-12-22,11782,KBFI,KSAN,1
2015-12-22,11782,KIWA,KBFI,70
2015-12-29,11802,KBFI,KELP,32
2015-12-29,11802,KBFI,KIWA,16
2016-01-05,11827,KBFI,KELP,25
2016-01-05,11827,KBFI,KIWA,3
2016-01-05,11827,KIWA,KBFI,100
2016-01-12,11863,KBFI,KELP,21
2016-01-12,11863,KBFI,KIWA,8
2016-01-12,11863,KBFI,KSAN,4
2016-01-12,11863,KIWA,KBFI,7
2016-01-19,11885,KBFI,KELP,38
2016-01-19,11885,KBFI,KIWA,6
2016-01-19,11885,KBFI,KSAN,3
2016-01-19,11885,KIWA,KBFI,2
2016-01-26,11921,KBFI,KELP,23
2016-01-26,11921,KBFI,KIWA,32
2016-01-26,11921,KBFI,KSAN,6
2016-01-26,11921,KIWA,KBFI,61
2016-02-02,11951,KBFI,KELP,33
2016-02-02,11951,KBFI,KIWA,35
2016-02-02,11951,KIWA,KBFI,3
2016-02-09,12007,KBFI,KELP,26
2016-02-09,12007,KBFI,KIWA,50
2016-02-09,12007,KIWA,KBFI,69
2016-02-16,12029,KBFI,KELP,22
2016-02-16,12029,KBFI,KIWA,10
2016-02-16,12029,KIWA,KBFI,123
2016-02-23,12058,KBFI,KIWA,131
2016-02-23,12058,KIWA,KBFI,61
2016-03-01,12086,KBFI,KELP,59
2016-03-01,12086,KBFI,KIWA,40
2016-03-01,12086,KSAT,KBFI,90
2016-03-08,12113,KBFI,KELP,30
2016-03-08,12113,KBFI,KIWA,17
2016-03-08,12113,KIWA,KBFI,73
2016-03-15,12140,KBFI,KELP,58
2016-03-15,12140,KBFI,KIWA,71
2016-03-15,12140,KIWA,KBFI,2
2016-03-22,12168,KBFI,KELP,44
2016-03-22,12168,KBFI,KIWA,4
2016-03-22,12168,KBFI,KSAN,8
2016-03-22,12168,KIWA,KBFI,96
2016-03-29,12187,KBFI,KELP,25
2016-03-29,12187,KBFI,KIWA,50
2016-03-29,12187,KIWA,KBFI,1
2016-04-05,12274,KBFI,KELP,14
2016-04-05,12274,KBFI,KIWA,25
2016-04-05,12274,KBFI,KSAN,2
2016-04-05,12274,KIWA,KBFI,1
2016-04-12,12324,KBFI,KELP,22
2016-04-12,12324,KBFI,KIWA,29
2016-04-12,12324,KIWA,KBFI,49
2016-04-19,12329,KBFI,KELP,30
2016-04-19,12329,KBFI,KIWA,28
2016-04-19,12329,KIWA,KBFI,52
2016-04-26,12380,KBFI,KELP,29
2016-04-26,12380,KBFI,KIWA,43
2016-04-26,12380,KIWA,KBFI,109
2016-05-03,12410,KBFI,KELP,26
2016-05-03,12410,KBFI,KIWA,26
2016-05-03,12410,KIWA,KBFI,74
2016-05-10,12442,KBFI,KELP,22
2016-05-10,12442,KBFI,KIWA,11
2016-05-10,12442,KBRO,KBFI,121
2016-05-17,12499,KBFI,KELP,36
2016-05-17,12499,KBFI,KIWA,33
2016-05-24,12530,KBFI,KELP,34
2016-05-24,12530,KBFI,KIWA,17
2016-05-24,12530,KIWA,KBFI,72
2016-05-31,12563,KBFI,KELP,28
2016-05-31,12563,KBFI,KIWA,28
2016-05-31,12563,KIWA,KBFI,1
2016-06-07,12626,KBFI,KELP,30
2016-06-07,12626,KBFI,KIWA,27
2016-06-07,12626,KIWA,KBFI,130
2016-06-14,12657,KBFI,KELP,27
2016-06-14,12657,KBFI,KIWA,43
2016-06-14,12657,KIWA,KBFI,57
2016-06-21,12690,KBFI,KELP,14
2016-06-21,12690,KBFI,KIWA,44
2016-06-21,12690,KIWA,KBFI,76
2016-06-28,12724,KBFI,KELP,25
2016-06-28,12724,KBFI,KIWA,40
2016-06-28,12724,KSAT,KBFI,61
2016-07-05,12752,KBFI,KELP,16
2016-07-05,12752,KBFI,KIWA,42
2016-07-05,12752,KIWA,KBFI,51
2016-07-12,12784,KBFI,KELP,10
2016-07-12,12784,KBFI,KIWA,28
2016-07-12,12784,KIWA,KBFI,57
2016-07-17,12809,KBRO,KBFI,20
2016-07-19,12815,KBFI,KELP,39
2016-07-19,12815,KBFI,KIWA,22
2016-07-26,12848,KBFI,KELP,31
2016-07-26,12848,KBFI,KIWA,52
2016-07-26,12848,KIWA,KBFI,68
2016-08-02,12882,KBFI,KELP,28
2016-08-02,12882,KBFI,KIWA,21
2016-08-02,12882,KIWA,KBFI,23
2016-08-09,12912,KBFI,KELP,17
2016-08-09,12912,KBFI,KIWA,37
2016-08-11,12925,KBRO,KBFI,104
2016-08-16,12943,KBFI,KELP,14
2016-08-16,12943,KBFI,KIWA,29
2016-08-16,12943,KIWA,KBFI,2
2016-08-23,12976,KBFI,KELP,30
2016-08-23,12976,KBFI,KIWA,18
2016-08-23,12976,KIWA,KBFI,21
2016-08-30,13011,KBFI,KELP,44
2016-08-30,13011,KBFI,KIWA,17
2016-09-08,13061,KBRO,KBFI,89
2016-09-13,13075,KBFI,KELP,28
2016-09-13,13075,KBFI,KIWA,38
2016-09-13,13075,KIWA,KBFI,68
2016-09-20,13108,KBFI,KELP,30
2016-09-20,13108,KBFI,KIWA,15
2016-09-20,13108,KSAT,KBFI,37
2016-09-21,13117,KBFI,KAEX,101
2016-09-27,13144,KBFI,KELP,41
2016-09-27,13144,KBFI,KIWA,18
2016-09-27,13144,KSAT,KBFI,114
2016-10-02,37973,KSAN,KBFI,71
2016-10-04,37980,KBFI,KELP,29
2016-10-04,37980,KBFI,KIWA,24
2016-10-04,37980,KIWA,KBFI,10
2016-10-11,38012,KBFI,KELP,23
2016-10-11,38012,KBFI,KIWA,7
2016-10-11,38012,KIWA,KBFI,74
2016-10-18,38046,KBFI,KELP,38
2016-10-18,38046,KBFI,KIWA,18
2016-10-18,38046,KIWA,KBFI,1
2016-10-25,38078,KBFI,KIWA,74
2016-10-25,38078,KIWA,KBFI,98
2016-11-01,38118,KBFI,KIWA,8
2016-11-01,38118,KBFI,KSAN,19
2016-11-08,38158,KBFI,KIWA,20
2016-11-08,38158,KBFI,KSAN,25
2016-11-08,38158,KIWA,KBFI,97
2016-11-15,38197,KBFI,KIWA,8
2016-11-15,38197,KBFI,KSAN,56
2016-11-15,38197,KIWA,KBFI,74
2016-11-22,38231,KBFI,KIWA,20
2016-11-22,38231,KBFI,KSAN,42
2016-11-22,38231,KIWA,KBFI,54
2016-11-29,38264,KBFI,KIWA,11
2016-11-29,38264,KBFI,KSAN,25
2016-12-04,38291,KBFI,KIWA,13
2016-12-06,38298,KBFI,KIWA,70
2016-12-06,38298,KBRO,KBFI,56
2016-12-11,38327,KBFI,KAEX,135
2016-12-13,38337,KBFI,KIWA,43
2016-12-13,38337,KBFI,KSAN,1
2016-12-13,38337,KIWA,KBFI,1
2016-12-15,38358,KBRO,KBFI,87
2016-12-20,38379,KBFI,KELP,25
2016-12-20,38379,KBFI,KIWA,25
2016-12-20,38379,KIWA,KBFI,2
2016-12-27,38407,KBFI,KIWA,10
2016-12-27,38407,KBFI,KSAN,28
2016-12-27,38407,KIWA,KBFI,8
2017-01-03,38432,KBFI,KIWA,21
2017-01-03,38432,KBFI,KSAN,5
2017-01-04,38448,KBFI,KAEX,72
2017-01-10,38469,KBFI,KELP,24
2017-01-10,38469,KBFI,KIWA,20
2017-01-10,38469,KIWA,KBFI,50
2017-01-17,38496,KBFI,KELP,22
2017-01-17,38496,KBFI,KIWA,15
2017-01-31,38568,KBFI,KELP,39
2017-01-31,38568,KBFI,KIWA,21
2017-01-31,38568,KIWA,KBFI,48
2017-02-07,38599,KBFI,KELP,62
2017-02-07,38599,KBFI,KIWA,19
2017-02-14,38635,KBFI,KELP,42
2017-02-14,38635,KBFI,KIWA,17
2017-02-14,38635,KIWA,KBFI,1
2017-02-15,38649,KIWA,KBFI,90
2017-02-21,38669,KBFI,KELP,28
2017-02-21,38669,KBFI,KIWA,9
2017-02-21,38669,KIWA,KBFI,1
2017-02-28,38706,KBFI,KELP,30
2017-02-28,38706,KBFI,KIWA,24
2017-03-07,38739,KBFI,KELP,44
2017-03-07,38739,KBFI,KIWA,43
2017-03-14,38773,KBFI,KELP,66
2017-03-14,38773,KBFI,KIWA,30
2017-03-14,38773,KIWA,KBFI,1
2017-03-21,38804,KBFI,KELP,51
2017-03-21,38804,KBFI,KIWA,57
2017-03-21,38804,KIWA,KBFI,1
2017-03-28,38837,KBFI,KELP,37
2017-03-28,38837,KBFI,KIWA,41
2017-03-28,38837,KIWA,KBFI,2
2017-04-04,38869,KBFI,KELP,43
2017-04-04,38869,KBFI,KIWA,24
2017-04-11,38899,KBFI,KELP,53
2017-04-11,38899,KBFI,KIWA,8
2017-04-11,38899,KIWA,KBFI,2
2017-04-18,38918,KBFI,KELP,54
2017-04-18,38918,KBFI,KIWA,68
2017-04-18,38918,KIWA,KBFI,5
2017-04-25,38953,KBFI,KELP,38
2017-04-25,38953,KBFI,KIWA,20
2017-04-25,38953,KIWA,KBFI,29
2017-05-02,38982,KBFI,KELP,42
2017-05-02,38982,KBFI,KIWA,18
2017-05-02,38982,KIWA,KBFI,1
2017-05-09,39014,KBFI,KELP,51
2017-05-09,39014,KBFI,KIWA,17
2017-05-09,39014,KIWA,KBFI,1
2017-05-16,39043,KBFI,KELP,46
2017-05-16,39043,KBFI,KIWA,27
2017-05-16,39043,KIWA,KBFI,1
2017-05-23,39070,KBFI,KELP,31
2017-05-23,39070,KBFI,KIWA,14
2017-05-30,39095,KBFI,KELP,33
2017-05-30,39095,KBFI,KIWA,18
2017-06-06,39122,KBFI,KELP,40
2017-06-06,39122,KBFI,KIWA,15
2017-06-14,39162,KBFI,KELP,67
2017-06-14,39162,KBFI,KIWA,21
2017-06-20,39176,KBFI,KELP,61
2017-06-20,39176,KBFI,KIWA,33
2017-06-27,39207,KBFI,KELP,40
2017-06-27,39207,KBFI,KIWA,24
2017-06-27,39207,KBRO,KBFI,40
2017-07-03,39230,KIWA,KBFI,28
2017-07-03,39230,KSAT,KBFI,57
2017-07-11,39253,KBFI,KELP,75
2017-07-11,39253,KBFI,KIWA,40
2017-07-11,39253,KIWA,KBFI,36
2017-07-18,39281,KBFI,KELP,32
2017-07-18,39281,KBFI,KIWA,11
2017-07-18,39281,KIWA,KBFI,1
2017-07-18,39285,KBRO,KBFI,90
2017-07-25,39308,KBFI,KELP,43
2017-07-25,39308,KBFI,KIWA,23
2017-07-25,39308,KIWA,KBFI,2
2017-08-01,39342,KBFI,KELP,38
2017-08-01,39342,KBFI,KIWA,21
2017-08-01,39342,KIWA,KBFI,57
2017-08-08,39372,KBFI,KELP,48
2017-08-08,39372,KBFI,KIWA,39
2017-08-08,39372,KIWA,KBFI,45
2017-08-15,39401,KBFI,KELP,52
2017-08-15,39401,KBFI,KIWA,38
2017-08-15,39401,KIWA,KBFI,1
2017-08-17,39416,KIWA,KBFI,73
2017-08-22,39429,KBFI,KELP,45
2017-08-22,39429,KBFI,KIWA,26
2017-08-22,39429,KIWA,KBFI,1
2017-08-29,39463,KBFI,KELP,46
2017-08-29,39463,KBFI,KIWA,30
2017-09-05,39496,KBFI,KELP,42
2017-09-05,39496,KBFI,KIWA,11
2017-09-05,39496,KIWA,KBFI,89
2017-09-12,39537,KBFI,KELP,42
2017-09-12,39537,KBFI,KIWA,17
2017-09-12,39537,KIWA,KBFI,2
2017-09-19,39569,KBFI,KELP,40
2017-09-19,39569,KBFI,KIWA,16
2017-09-19,39569,KIWA,KBFI,50
2017-09-26,39603,KBFI,KELP,54
2017-09-26,39603,KBFI,KIWA,19
2017-09-26,39603,KIWA,KBFI,49
2017-10-03,17961,KBFI,KELP,48
2017-10-03,17961,KBFI,KIWA,26
2017-10-03,17961,KIWA,KBFI,2
2017-10-10,17987,KBFI,KELP,54
2017-10-10,17987,KBFI,KIWA,10
2017-10-10,17987,KIWA,KBFI,30
2017-10-17,18019,KBFI,KELP,36
2017-10-17,18019,KBFI,KIWA,23
2017-10-17,18019,KIWA,KBFI,57
2017-10-24,36246,KBFI,KELP,50
2017-10-24,36246,KBFI,KIWA,27
2017-10-24,36246,KIWA,KBFI,53
2017-10-31,36292,KBFI,KELP,50
2017-10-31,36292,KBFI,KIWA,7
2017-10-31,36292,KIWA,KBFI,83
2017-11-07,45533,KBFI,KELP,41
2017-11-07,45533,KBFI,KIWA,32
2017-11-07,45533,KIWA,KBFI,39
2017-11-14,45569,KBFI,KELP,45
2017-11-14,45569,KBFI,KIWA,15
2017-11-14,45569,KIWA,KBFI,33
2017-11-21,45605,KBFI,KIWA,40
2017-11-21,45605,KIWA,KBFI,56
2017-11-28,45632,KBFI,KELP,91
2017-11-28,45632,KBFI,KIWA,33
2017-11-28,45632,KIWA,KBFI,70
2017-12-05,45668,KBFI,KELP,64
2017-12-05,45668,KIWA,KBFI,35
2017-12-12,45701,KBFI,KELP,48
2017-12-12,45701,KBFI,KIWA,25
2017-12-12,45701,KIWA,KBFI,42
2017-12-19,45734,KBFI,KELP,37
2017-12-19,45734,KBFI,KIWA,20
2017-12-19,45734,KIWA,KBFI,50
2017-12-26,45763,KBFI,KELP,39
2017-12-26,45763,KBFI,KIWA,8
2017-12-26,45763,KIWA,KBFI,47
2018-01-02,45792,KBFI,KELP,13
2018-01-02,45792,KBFI,KIWA,23
2018-01-02,45792,KIWA,KBFI,60
2018-01-09,45828,KBFI,KELP,29
2018-01-09,45828,KBFI,KIWA,7
2018-01-09,45828,KIWA,KBFI,30
2018-01-16,45856,KBFI,KELP,28
2018-01-16,45856,KBFI,KIWA,32
2018-01-16,45856,KIWA,KBFI,1
2018-01-23,45890,KBFI,KELP,52
2018-01-23,45890,KBFI,KIWA,12
2018-01-23,45890,KIWA,KBFI,1
2018-01-30,45917,KBFI,KELP,43
2018-01-30,45917,KBFI,KIWA,24
2018-01-30,45917,KIWA,KBFI,36
2018-02-06,45947,KBFI,KELP,64
2018-02-06,45947,KBFI,KIWA,16
2018-02-06,45947,KIWA,KBFI,67
2018-02-13,45981,KBFI,KELP,48
2018-02-13,45981,KBFI,KIWA,26
2018-02-13,45981,KIWA,KBFI,49
2018-02-20,46013,KBFI,KELP,52
2018-02-20,46013,KBFI,KIWA,13
2018-02-20,46013,KIWA,KBFI,85
2018-02-27,46050,KBFI,KELP,47
2018-02-27,46050,KBFI,KIWA,32
2018-02-27,46050,KIWA,KBFI,83
2018-03-06,46084,KBFI,KELP,65
2018-03-06,46084,KBFI,KIWA,23
2018-03-06,46084,KIWA,KBFI,1
2018-03-13,46115,KBFI,KELP,58
2018-03-13,46115,KBFI,KIWA,18
2018-03-13,46115,KIWA,KBFI,102
2018-03-20,46148,KBFI,KELP,66
2018-03-20,46148,KBFI,KIWA,15
2018-03-20,46148,KIWA,KBFI,60
2018-03-27,46184,KBFI,KELP,56
2018-03-27,46184,KBFI,KIWA,5
2018-03-27,46184,KIWA,KBFI,77
2018-04-03,46208,KBFI,KELP,40
2018-04-03,46208,KBFI,KIWA,39
2018-04-03,46208,KIWA,KBFI,49
2018-04-10,46243,KBFI,KELP,36
2018-04-10,46243,KBFI,KIWA,31
2018-04-10,46243,KIWA,KBFI,51
2018-04-17,46276,KBFI,KELP,30
2018-04-17,46276,KBFI,KIWA,28
2018-04-17,46276,KIWA,KBFI,52
2018-04-24,46313,KBFI,KELP,53
2018-04-24,46313,KBFI,KIWA,27
2018-05-01,46346,KBFI,KELP,39
2018-05-01,46346,KBFI,KIWA,13
2018-05-01,46346,KIWA,KBFI,70
2018-05-08,46378,KBFI,KELP,46
2018-05-08,46378,KBFI,KIWA,24
2018-05-08,46378,KIWA,KBFI,41
2018-05-15,46411,KBFI,KELP,40
2018-05-15,46411,KBFI,KIWA,8
2018-05-15,46411,KIWA,KBFI,49
2018-05-22,46448,KBFI,KELP,39
2018-05-22,46448,KBFI,KIWA,13
2018-05-22,46448,KIWA,KBFI,58
2018-05-29,46480,KBFI,KELP,69
2018-05-29,46480,KBFI,KIWA,28
2018-05-29,46480,KIWA,KBFI,61
2018-06-02,46516,KLRD,KBFI,89
2018-06-02,46516,KSAT,KBFI,16
2018-06-03,46518,KLRD,KBFI,104
2018-06-05,46526,KBFI,KELP,39
2018-06-05,46526,KBFI,KIWA,8
2018-06-05,46526,KIWA,KBFI,3
2018-06-12,46562,KBFI,KELP,50
2018-06-12,46562,KBFI,KIWA,26
2018-06-12,46562,KIWA,KBFI,2
2018-06-19,46600,KBFI,KELP,28
2018-06-19,46600,KBFI,KIWA,24
2018-06-19,46600,KIWA,KBFI,91
2018-06-24,46625,KBFI,KIWA,37
2018-06-24,46625,KBFI,KSAN,44
2018-06-24,46625,KIWA,KBFI,1
2018-07-02,46656,KBFI,KELP,45
2018-07-02,46656,KBFI,KIWA,15
2018-07-10,46694,KBFI,KELP,46
2018-07-10,46694,KBFI,KIWA,5
2018-07-10,46694,KIWA,KBFI,108
2018-07-17,46731,KBFI,KELP,76
2018-07-17,46731,KBFI,KIWA,11
2018-07-17,46731,KIWA,KBFI,25
2018-07-20,46753,KBFI,KBRO,21
2018-07-24,46768,KBFI,KELP,38
2018-07-24,46768,KBFI,KIWA,19
2018-07-24,46768,KIWA,KBFI,38
2018-07-31,46807,KBFI,KELP,55
2018-07-31,46807,KBFI,KIWA,8
2018-07-31,46807,KIWA,KBFI,70
2018-08-07,46835,KBFI,KELP,67
2018-08-07,46835,KBFI,KIWA,16
2018-08-14,46867,KBFI,KELP,40
2018-08-14,46867,KBFI,KIWA,29
2018-08-14,46867,KIWA,KBFI,54
2018-08-21,46902,KBFI,KELP,61
2018-08-21,46902,KBFI,KIWA,21
2018-08-28,46941,KBFI,KELP,62
2018-08-28,46941,KBFI,KIWA,19
2018-08-28,46941,KIWA,KBFI,52
2018-09-04,46973,KBFI,KELP,41
2018-09-04,46973,KBFI,KIWA,16
2018-09-04,46973,KIWA,KBFI,43
2018-09-11,47012,KBFI,KELP,46
2018-09-11,47012,KBFI,KIWA,15
2018-09-11,47012,KIWA,KBFI,6
2018-09-18,47045,KBFI,KELP,34
2018-09-18,47045,KBFI,KIWA,24
2018-09-18,47045,KIWA,KBFI,63
2018-09-25,47080,KBFI,KELP,55
2018-09-25,47080,KBFI,KIWA,15
2018-09-25,47080,KIWA,KBFI,59
2018-10-02,47116,KBFI,KELP,38
2018-10-02,47116,KBFI,KIWA,18
2018-10-02,47116,KIWA,KBFI,41
2018-10-09,47153,KBFI,KELP,27
2018-10-09,47153,KBFI,KIWA,16
2018-10-09,47153,KIWA,KBFI,60
2018-10-16,47187,KBFI,KELP,38
2018-10-16,47187,KBFI,KIWA,18
2018-10-16,47187,KIWA,KBFI,39
2018-10-23,47219,KBFI,KELP,66
2018-10-23,47219,KBFI,KIWA,21
2018-10-30,47252,KBFI,KELP,63
2018-10-30,47252,KBFI,KIWA,26
2018-10-30,47252,KIWA,KBFI,75
2018-11-06,47281,KBFI,KELP,38
2018-11-06,47281,KBFI,KIWA,16
2018-11-06,47281,KIWA,KBFI,48
2018-11-13,47319,KBFI,KELP,60
2018-11-13,47319,KBFI,KIWA,8
2018-11-20,47355,KBFI,KIWA,69
2018-11-20,47355,KIWA,KBFI,91
2018-11-27,47390,KBFI,KELP,49
2018-11-27,47390,KBFI,KIWA,15
2018-11-27,47390,KIWA,KBFI,42
2018-12-04,47425,KBFI,KELP,47
2018-12-04,47425,KBFI,KIWA,19
2018-12-04,47425,KIWA,KBFI,14
